{"cameraMode":{"drawMode":0,"name":"Shaded","section":"Shading Mode"},"sceneLighting":true,"audioPlay":false,"sceneViewState":{"m_AlwaysRefresh":false,"showFog":true,"showSkybox":true,"showFlares":true,"showImageEffects":true,"showParticleSystems":true,"showVisualEffectGraphs":true,"m_FxEnabled":true},"in2DMode":false,"pivot":{"x":-1.9575716257095338,"y":0.8643689155578613,"z":0.42810797691345217},"rotation":{"x":-0.0579366609454155,"y":0.9314082264900208,"z":-0.31623324751853945,"w":-0.17064200341701508},"size":2.3232364654541017,"orthographic":false}